material,recommended_preliminary_thickness_um,method_min_um,method_max_um,q25_um,q75_um,joint_two_beam_um,joint_harmonic3_um,joint_tmm_um,delta_bic_two_minus_harmonic3,delta_bic_two_minus_tmm
SiC,7.481125942765237,7.454861431371982,7.49224363401775,7.461905283992248,7.490247634603161,7.419187985636658,7.540677770226443,7.406633254690582,6036.3745171185,-8460.051689158063
Si,3.4980799797739532,3.4554485487747946,3.553566492338798,3.4657406819120515,3.533926486429109,3.626263744475723,3.639242292381166,3.71750809931618,1951.072165734724,-5045.45669689896
