task,material,final_estimator,thickness_um,stat_ci_low_um,stat_ci_high_um,recommended_low_um,recommended_high_um,stress_low_um,stress_high_um,cross_angle_relative_pct,multi_beam_classification,peak_valley_relative_pct,median_h2_h1,multi_beam_correction_um
Q2_SiC,SiC,fundamental_consensus,7.4762575780931755,7.458043533969368,7.491917176343587,7.438814221092305,7.514477717057484,7.401745274035984,7.552689194831164,0.4338274635320039,non_sinusoidal_but_not_material,0.07644006391428061,0.017821205298840903,-0.0048683646720615315
Q3_Si,Si,peak_only,3.472012799276393,3.4502348413411097,3.5198391783465546,3.4502348413411097,3.5198391783465546,3.428795070791332,3.5664591936022587,0.2675713339787074,significant_multi_beam,1.8401475279460158,0.0670783941300675,-0.026067180497560294
