harmonic,frequency,amplitude,ratio_to_fundamental,refined_fundamental_frequency
1,0.0014948917636514324,0.8482300253723641,1.0,0.0014948917636514324
2,0.0029897835273028648,0.01694364610363336,0.01997529631917389,0.0014948917636514324
3,0.004484675290954298,0.18021247082319092,0.21245707583161716,0.0014948917636514324
4,0.0059795670546057295,0.011821210645517603,0.013936326576423907,0.0014948917636514324
