harmonic,frequency,amplitude,ratio_to_fundamental,refined_fundamental_frequency
1,0.0014995581679748556,0.8487771791182466,1.0,0.0014995581679748556
2,0.002999116335949711,0.01329788906223515,0.015667114278507914,0.0014995581679748556
3,0.004498674503924566,0.16576408301046805,0.19529752576839107,0.0014995581679748556
4,0.005998232671899422,0.020213626461369774,0.02381499757376692,0.0014995581679748556
