harmonic,frequency,amplitude,ratio_to_fundamental,refined_fundamental_frequency
1,0.00071307513954065,0.7006835409417427,1.0,0.00071307513954065
2,0.0014261502790813,0.04459316434951576,0.06364237454412161,0.00071307513954065
3,0.00213922541862195,0.10969403723503122,0.1565528956019128,0.00071307513954065
4,0.0028523005581626,0.048166172721419535,0.06874169279998008,0.00071307513954065
