harmonic,frequency,amplitude,ratio_to_fundamental,refined_fundamental_frequency
1,0.0007085209608070215,0.7127222464477749,1.0,0.0007085209608070215
2,0.001417041921614043,0.05025719135062485,0.07051441371601339,0.0007085209608070215
3,0.0021255628824210647,0.11585255169960659,0.16254936937498238,0.0007085209608070215
4,0.002834083843228086,0.05268222700914296,0.07391691121150275,0.0007085209608070215
