band,wn_min_cm1,wn_max_cm1,dataset,angle_deg,n_points,fft_um,peak_um,valley_um,hilbert_um,method_median_um,profiled_two_beam_um,profiled_rmse,hilbert_r2,relative_to_consensus_pct
primary,1500.0,4000.0,sic_10deg,10.0,5185,7.473184999683173,7.489066885847301,7.491895441795338,7.489698365539103,7.489382625693201,7.419658004525245,0.16794442275591137,0.9999583353801463,-0.821640201090794
primary,1500.0,4000.0,sic_15deg,15.0,5185,7.49224363401775,7.463448270339051,7.454861431371982,7.457276324951839,7.460362297645445,7.418429867890661,0.20874613590976202,0.9999355366800585,-0.8380566689323972
validation_1,1100.0,1500.0,sic_10deg,10.0,830,15.330143726494136,,,7.124487675241808,11.227315700867972,7.718028446768951,0.2040014173594058,0.9997629117298372,3.1666691059093193
validation_1,1100.0,1500.0,sic_15deg,15.0,830,18.390640291641486,,,7.1335676618173585,12.762103976729422,7.930545897737787,0.0695196157937617,0.999769912602869,6.007383893960102
validation_2,1800.0,2800.0,sic_10deg,10.0,2074,7.432309743957099,7.376498146079485,7.41292728042874,7.411808252526127,7.412367766477433,7.953432756547238,0.18286810534303966,0.9999396258580854,6.313311891758135
validation_2,1800.0,2800.0,sic_15deg,15.0,2074,7.451066244610489,7.3458249664299275,7.384266065263232,7.304849030932851,7.36504551584658,8.148173759818787,0.2633183888995678,0.9999109940668917,8.916409403568876
validation_3,2800.0,4000.0,sic_10deg,10.0,2489,8.02408790229802,7.746795983480919,7.772412257432571,7.611022091916657,7.7596041204567445,7.709786427072476,0.20339983848458196,0.9999801691145941,3.0564982605107684
validation_3,2800.0,4000.0,sic_15deg,15.0,2489,8.046069013858641,7.737873392545323,7.6040542174569765,7.593941293156068,7.67096380500115,7.912390828531272,0.2302127374000401,0.9999286487685597,5.76470559465849
