dataset,angle_deg,fft_um,peak_um,valley_um,hilbert_um,hilbert_r2,h2_h1,h3_h1,outlier_count
si_10deg,10.0,3.4554485487747946,3.476657854757861,3.553566492338798,3.5518990567267372,0.9992019036100601,0.06364237454412161,0.1565528956019128,4
si_15deg,15.0,3.46085949626343,3.4673677437949255,3.519502104790045,3.527935629663233,0.9992220881846572,0.07051441371601339,0.16254936937498238,5
