band,wn_min_cm1,wn_max_cm1,dataset,angle_deg,n_points,fft_um,peak_um,valley_um,hilbert_um,method_median_um,profiled_two_beam_um,profiled_rmse,hilbert_r2,relative_to_consensus_pct
primary,550.0,3500.0,si_10deg,10.0,6119,3.4554485487747946,3.476657854757861,3.553566492338798,3.5518990567267372,3.514278455742299,3.642507870796698,0.27401932388703615,0.9992019036100601,4.128776124554983
primary,550.0,3500.0,si_15deg,15.0,6119,3.46085949626343,3.4673677437949255,3.519502104790045,3.527935629663233,3.4934349242924854,3.6120886548941114,0.27539701377819953,0.9992220881846572,3.2591786288295608
validation_1,550.0,1500.0,si_10deg,10.0,1971,10.77865872403284,,,3.810516724061753,7.294587724047297,3.5548978987460127,0.3953719442571396,0.9999939011644402,1.6242601455822359
validation_1,550.0,1500.0,si_15deg,15.0,1971,10.795699074139376,,,3.7291008876760405,7.262399980907708,3.4893348657377055,0.37417295975231857,0.9999374583928237,-0.24999754399020035
validation_2,1500.0,2500.0,si_10deg,10.0,2074,8.74664250019389,,,3.134753798809485,5.940698149501687,3.299855361673576,0.35164626119264425,0.9997331405758931,-5.666669122676452
validation_2,1500.0,2500.0,si_15deg,15.0,2074,8.76036502699715,,,3.0759442130726833,5.918154620034916,3.119933817514982,0.4030095910899884,0.999827781794975,-10.810106242436662
validation_3,2500.0,3500.0,si_10deg,10.0,2074,8.690893403541265,,,3.1615301969439966,5.926211800242631,3.993641389683778,0.39935122121905897,0.9996531071579675,14.166668937679578
validation_3,2500.0,3500.0,si_15deg,15.0,2074,8.70435417117899,,,3.1985296914614074,5.951441931320199,3.9013928562018663,0.32889295698283105,0.9996408241466777,11.529549889078728
