{
  "selected_frequency": 0.000692171899252686,
  "selected_thickness_um": 3.46085949626343,
  "candidate_thicknesses_um": [
    3.46085949626343,
    10.38257848879029,
    6.427310493060657,
    7.910535991459269,
    13.84343798505372,
    17.30429748131715,
    21.753973976512988
  ]
}