{
  "thickness_um": 3.527935629663233,
  "phase_slope": 0.0044333346625950775,
  "r2": 0.9992220881846572
}