extremum_id,corrected_wavenumber,assigned_order,predicted_order,order_residual
1,2584.97725522731,0.0,0.10391305457515476,-0.10391305457515476
2,3888.98636737971,1.0,1.0082088811935332,-0.008208881193533246
3,5217.7865272916615,2.0,1.9296966436791811,0.07030335632081885
4,6662.278243414853,3.0,2.9314134402120873,0.06858655978791273
5,8149.741108987933,4.0,3.962929592248261,0.037070407751738976
6,9556.219885213146,5.0,4.938285420451353,0.061714579548646675
7,11268.45491713949,6.0,6.125675124350769,-0.125675124350769
