{
  "kind": "peak",
  "thickness_um": 3.4673677437949255,
  "r2": 0.9985182454258775,
  "n_extrema": 7
}