extremum_id,corrected_wavenumber,assigned_order,predicted_order,order_residual
1,3241.1136525967686,0.0,0.056552033793918266,-0.056552033793918266
2,4543.470028231865,1.0,0.97328123484081,0.026718765159190028
3,5921.85228366292,2.0,1.9435250846797794,0.05647491532022064
4,7417.578831822518,3.0,2.99636763156739,0.0036323684326098338
5,8855.459601876495,4.0,4.008492510895811,-0.008492510895811378
6,10294.993108447776,5.0,5.021780752154495,-0.02178075215449482
