{
  "kind": "valley",
  "thickness_um": 3.519502104790045,
  "r2": 0.9995622194854601,
  "n_extrema": 6
}