{
  "model": "harmonic3",
  "method": "joint_harmonic_k3",
  "thickness_um": 3.639242292381166,
  "success": true,
  "metrics": {
    "rmse": 0.2524075939163722,
    "rss": 779.6780048448901,
    "bic": -33423.398742763406,
    "objective": 779.6780048433305,
    "n_parameters": 29.0
  },
  "parameters": {
    "max_harmonic": 3,
    "optimizer": "profiled_fourier_scalar_search",
    "fit_domain": "normalized_fringe",
    "search_interval_um": [
      2.518617585437246,
      4.47754237411066
    ],
    "coefficients_si_10deg": {
      "offset": 0.01602697425962675,
      "linear_background": 0.015234450464497958,
      "cos_1": 0.39713287568910843,
      "sin_1": -0.5421303620221585,
      "linear_cos_1": -0.007406208624020566,
      "linear_sin_1": 0.4860257398885146,
      "cos_2": -0.02177370132875597,
      "sin_2": 0.024996389379233524,
      "linear_cos_2": 0.012803621857321276,
      "linear_sin_2": -0.02036556621027104,
      "cos_3": 0.1223243605388771,
      "sin_3": -0.02540377726690826,
      "linear_cos_3": -0.1317546460295429,
      "linear_sin_3": 0.010163389960936266
    },
    "coefficients_si_15deg": {
      "offset": 0.027572528954360673,
      "linear_background": 0.012294518570535554,
      "cos_1": 0.4818376028400804,
      "sin_1": -0.458283438248036,
      "linear_cos_1": -0.05450640265955463,
      "linear_sin_1": 0.5658071037122394,
      "cos_2": -0.02235288234476307,
      "sin_2": 0.0181470229991885,
      "linear_cos_2": 0.01201663892892779,
      "linear_sin_2": -0.02978203672940282,
      "cos_3": 0.12334041435444973,
      "sin_3": 0.025584977567066982,
      "linear_cos_3": -0.15066091895137695,
      "linear_sin_3": -0.029074568495769886
    }
  }
}