{
  "model": "two_beam",
  "method": "joint_two_beam",
  "thickness_um": 3.626263744475723,
  "success": true,
  "metrics": {
    "rmse": 0.275038679004558,
    "rss": 925.7591128206276,
    "bic": -31472.32657702868,
    "objective": 925.759112818776
  },
  "parameters": {
    "optimizer": "profiled_sine_cosine_scalar_search",
    "fit_domain": "normalized_fringe",
    "coarse_interval_um": [
      1.9239439888756744,
      5.072215970672232
    ],
    "linear_coefficients_si_10deg": [
      0.013244148466517325,
      0.020881854294109912,
      0.3494929551059287,
      -0.5872364668460925,
      0.002930034360749342,
      0.46440941320158563
    ],
    "linear_coefficients_si_15deg": [
      0.02472478940732147,
      0.015465237203006549,
      0.44526749595935167,
      -0.5104973040175715,
      -0.028176438564592853,
      0.5447492322064078
    ]
  }
}