{
  "selected_frequency": 0.00149844872680355,
  "selected_thickness_um": 7.49224363401775,
  "candidate_thicknesses_um": [
    7.49224363401775,
    22.476730902053248,
    26.9720770824639,
    47.9503592577136
  ]
}