{
  "thickness_um": 7.457276324951839,
  "phase_slope": 0.009371089807303116,
  "r2": 0.9999355366800585
}