{
  "kind": "peak",
  "thickness_um": 7.463448270339051,
  "r2": 0.9999351693377317,
  "n_extrema": 10
}