{
  "kind": "valley",
  "thickness_um": 7.454861431371982,
  "r2": 0.9999361800563364,
  "n_extrema": 9
}