extremum_id,corrected_wavenumber,assigned_order,predicted_order,order_residual
1,4063.4351088707695,0.0,-0.022260867914617677,0.022260867914617677
2,4737.870946160372,1.0,0.983304274354448,0.016695725645551995
3,5423.890605082812,2.0,2.006140573647219,-0.006140573647218872
4,6103.474807542563,3.0,3.0193817857045975,-0.019381785704597476
5,6772.762279662017,4.0,4.01727085818535,-0.017270858185350235
6,7445.911025659083,5.0,5.020916983007339,-0.02091698300733924
7,8115.198497778535,6.0,6.01880605548809,-0.018806055488090223
8,8770.327965680077,7.0,6.995585936050981,0.004414063949019109
9,9417.734885826394,8.0,7.960851711931401,0.03914828806859916
