{
  "selected_frequency": 0.0014946369999366347,
  "selected_thickness_um": 7.473184999683173,
  "candidate_thicknesses_um": [
    7.473184999683173,
    22.41955499904952,
    13.451732999429714,
    16.44100699930298,
    37.36592499841587
  ]
}