{
  "thickness_um": 7.489698365539103,
  "phase_slope": 0.00941183254511245,
  "r2": 0.9999583353801463
}