{
  "kind": "peak",
  "thickness_um": 7.489066885847301,
  "r2": 0.9999640442468068,
  "n_extrema": 10
}