extremum_id,corrected_wavenumber,assigned_order,predicted_order,order_residual
1,4029.7330754294153,0.0,-0.011948190719843765,0.011948190719843765
2,4698.1466634028275,1.0,0.989588751874571,0.01041124812542904
3,5366.560251376241,2.0,1.9911256944689875,0.008874305531012538
4,6046.58720284726,3.0,3.01006385807373,-0.010063858073730003
5,6721.452659430455,4.0,4.021268145673883,-0.0212681456738828
6,7389.8662474038665,5.0,5.022805088268296,-0.022805088268295748
7,8051.827966767498,6.0,6.014674685856976,-0.014674685856975955
8,8703.466696355477,7.0,6.991076531436473,0.008923468563526882
9,9357.68617338737,8.0,7.971345315018267,0.02865468498173307
