{
  "kind": "valley",
  "thickness_um": 7.491895441795338,
  "r2": 0.9999580056729012,
  "n_extrema": 9
}