{
  "selected_frequency": 0.0006910897097549589,
  "selected_thickness_um": 3.4554485487747946,
  "candidate_thicknesses_um": [
    3.4554485487747946,
    10.366345646324383,
    7.898168111485245,
    6.417261590581761,
    17.7708782508418,
    14.315429702067007,
    22.213597813552248
  ]
}