{
  "thickness_um": 3.5518990567267372,
  "phase_slope": 0.004463447993162094,
  "r2": 0.9992019036100601
}