extremum_id,corrected_wavenumber,assigned_order,predicted_order,order_residual
1,2572.507898214955,0.0,0.11331952858356575,-0.11331952858356575
2,3868.6270337088545,1.0,1.0145520832069326,-0.014552083206932576
3,5184.610063999595,2.0,1.9295966310046033,0.07040336899539668
4,6606.533866540156,3.0,2.9183051423985646,0.08169485760143536
5,8091.3600026040485,4.0,3.9507516321778238,0.04924836782217623
6,9495.075234914173,5.0,4.926799149828675,0.07320085017132527
7,11249.719275301826,6.0,6.1468585468922345,-0.14685854689223454
