{
  "kind": "peak",
  "thickness_um": 3.476657854757861,
  "r2": 0.9980701799356165,
  "n_extrema": 7
}