extremum_id,corrected_wavenumber,assigned_order,predicted_order,order_residual
1,3224.7057773779134,0.0,0.05550914703707832,-0.05550914703707832
2,4519.169588305409,1.0,0.9755017918485049,0.02449820815149506
3,5878.19105732264,2.0,1.9413764227822408,0.05862357721775924
4,7358.0512196873215,3.0,2.993132720047478,0.006867279952521788
5,8799.838917024725,4.0,4.01783041011238,-0.017830410112379624
6,10205.209473901252,5.0,5.01664595415957,-0.016645954159569598
