{
  "kind": "valley",
  "thickness_um": 3.553566492338798,
  "r2": 0.9995565530136098,
  "n_extrema": 6
}