{
  "model": "harmonic3",
  "method": "joint_harmonic_k3",
  "thickness_um": 7.540677770226443,
  "success": true,
  "metrics": {
    "rmse": 0.1406009893606244,
    "rss": 205.00077822926318,
    "bic": -40420.1854163504,
    "objective": 205.00077822885316,
    "n_parameters": 29.0
  },
  "parameters": {
    "max_harmonic": 3,
    "optimizer": "profiled_fourier_scalar_search",
    "fit_domain": "normalized_fringe",
    "search_interval_um": [
      5.386410678790971,
      9.575841206739504
    ],
    "coefficients_sic_10deg": {
      "offset": 0.001499550986600996,
      "linear_background": 0.006150255770029173,
      "cos_1": -0.6364994259930389,
      "sin_1": -0.5549935526992033,
      "linear_cos_1": 0.09402828806596362,
      "linear_sin_1": -0.11881726931919183,
      "cos_2": -0.00828523412950089,
      "sin_2": -0.009752533874292146,
      "linear_cos_2": -0.013607857695157863,
      "linear_sin_2": -0.018570858204800353,
      "cos_3": -0.11197410652772787,
      "sin_3": 0.12024633622802985,
      "linear_cos_3": -0.09260277534174773,
      "linear_sin_3": 0.020450686951724355
    },
    "coefficients_sic_15deg": {
      "offset": -0.0002665193681901636,
      "linear_background": -0.03699064565381818,
      "cos_1": -0.2833619990490517,
      "sin_1": -0.786708751897445,
      "linear_cos_1": 0.2172039651688101,
      "linear_sin_1": -0.1069288437463122,
      "cos_2": -0.0008621596808149532,
      "sin_2": -0.014645185446956102,
      "linear_cos_2": -0.015661728127661454,
      "linear_sin_2": 0.06267961069709709,
      "cos_3": -0.1383238008486333,
      "sin_3": -0.10655972290278347,
      "linear_cos_3": 0.02356398481807697,
      "linear_sin_3": -0.1011287428079716
    }
  }
}