{
  "model": "two_beam",
  "method": "joint_two_beam",
  "thickness_um": 7.419187985636658,
  "success": true,
  "metrics": {
    "rmse": 0.18944699929585335,
    "rss": 372.1810166726457,
    "bic": -34383.8108992319,
    "objective": 372.18101667190126
  },
  "parameters": {
    "optimizer": "profiled_sine_cosine_scalar_search",
    "fit_domain": "normalized_fringe",
    "coarse_interval_um": [
      4.1146192685208804,
      10.847632617009593
    ],
    "linear_coefficients_sic_10deg": [
      0.0019603505218017494,
      0.010534673361569422,
      -0.7902507569086239,
      0.26154777199625634,
      0.12256796353567255,
      0.25428592404252637
    ],
    "linear_coefficients_sic_15deg": [
      -0.0008199125231090749,
      -0.04078372915721261,
      -0.8274857914425122,
      -0.1555583489867857,
      -0.018994228409229815,
      0.18634712973727957
    ]
  }
}